{
"lengthUnit": "mil",
"components": {
	"fields": ["COMPONENT_NO", "COMPONENT_NAME", "LAYER", "X_COORDINATE", "Y_COORDINATE", "ANGLE"],
	"rows": [
		[1, "C1", "B", 2920, 740, 90],
		[2, "C2", "T", 2500, 1495, 90],
		[3, "C3", "T", 2430, 1495, 90],
		[4, "C4", "T", 225, 340, 270],
		[5, "C5", "T", 225, 485, 90],
		[6, "H1", "T", 298, 108, 90],
		[7, "H2", "T", 298, 1508, 90],
		[8, "LED1", "T", 3225.2, 1353.12, 270],
		[9, "R1", "B", 2735, 740, 270],
		[10, "R2", "B", 2795, 740, 270],
		[11, "R3", "B", 2855, 740, 270],
		[12, "R4", "B", 2985, 740, 270],
		[13, "R5", "B", 3045, 740, 270],
		[14, "R6", "T", 3225.1, 1498.12, 270],
		[15, "TF1", "B", 2825, 380, 180],
		[16, "U1", "T", 2865, 1375, 0],
		[17, "U2", "T", -65, 1660, 0]
	]
},
"pins": {
	"fields": ["PIN_NO", "PIN_NAME", "PIN_X", "PIN_Y", "LAYER", "PIN_TYPE", "NET_NAME", "NET_TYPE", "PAD_SHAPE", "PAD_SIZEX", "PAD_SIZEY", "HOLE_SIZE", "PAD_ANGLE"],
	"rows": [
		[1, "C1_1", 2920, 712.44, "B", "SMD", "3V3", "", "R", 31.5, 35.43, 0, 90],
		[2, "C1_2", 2920, 767.56, "B", "SMD", "GND", "GND", "R", 31.5, 35.43, 0, 90],
		[3, "C2_1", 2500, 1467.44, "T", "SMD", "GND", "GND", "R", 31.5, 35.43, 0, 90],
		[4, "C2_2", 2500, 1522.56, "T", "SMD", "3V3", "", "R", 31.5, 35.43, 0, 90],
		[5, "C3_1", 2430, 1467.44, "T", "SMD", "GND", "GND", "R", 31.5, 35.43, 0, 90],
		[6, "C3_2", 2430, 1522.56, "T", "SMD", "3V3", "", "R", 31.5, 35.43, 0, 90],
		[7, "C4_1", 225, 367.56, "T", "SMD", "GND", "GND", "R", 31.5, 35.43, 0, 270],
		[8, "C4_2", 225, 312.44, "T", "SMD", "5V", "", "R", 31.5, 35.43, 0, 270],
		[9, "C5_1", 225, 457.44, "T", "SMD", "GND", "GND", "R", 31.5, 35.43, 0, 90],
		[10, "C5_2", 225, 512.56, "T", "SMD", "3V3", "", "R", 31.5, 35.43, 0, 90],
		[11, "H1_1", 248.01, 58.01, "T", "DIP", "GND", "GND", "R", 70.87, 70.87, 39.37, 270],
		[12, "H1_1", 248.01, 58.01, "B", "DIP", "GND", "GND", "R", 70.87, 70.87, 39.37, 270],
		[13, "H1_2", 248.01, 158.01, "T", "DIP", "GND", "GND", "C", 70.87, 70.87, 39.37, 270],
		[14, "H1_2", 248.01, 158.01, "B", "DIP", "GND", "GND", "C", 70.87, 70.87, 39.37, 270],
		[15, "H1_3", 348.01, 58.01, "T", "DIP", "GND", "GND", "C", 70.87, 70.87, 39.37, 270],
		[16, "H1_3", 348.01, 58.01, "B", "DIP", "GND", "GND", "C", 70.87, 70.87, 39.37, 270],
		[17, "H1_4", 348.01, 158.01, "T", "DIP", "GND", "GND", "C", 70.87, 70.87, 39.37, 270],
		[18, "H1_4", 348.01, 158.01, "B", "DIP", "GND", "GND", "C", 70.87, 70.87, 39.37, 270],
		[19, "H1_5", 448.01, 58.01, "T", "DIP", "H1_5", "", "C", 70.87, 70.87, 39.37, 270],
		[20, "H1_5", 448.01, 58.01, "B", "DIP", "H1_5", "", "C", 70.87, 70.87, 39.37, 270],
		[21, "H1_6", 448.01, 158.01, "T", "DIP", "FSMC_D0_PD14", "", "C", 70.87, 70.87, 39.37, 270],
		[22, "H1_6", 448.01, 158.01, "B", "DIP", "FSMC_D0_PD14", "", "C", 70.87, 70.87, 39.37, 270],
		[23, "H1_7", 548.01, 58.01, "T", "DIP", "FSMC_A16_PD11", "", "C", 70.87, 70.87, 39.37, 270],
		[24, "H1_7", 548.01, 58.01, "B", "DIP", "FSMC_A16_PD11", "", "C", 70.87, 70.87, 39.37, 270],
		[25, "H1_8", 548.01, 158.01, "T", "DIP", "LCD_BL_PD12", "", "C", 70.87, 70.87, 39.37, 270],
		[26, "H1_8", 548.01, 158.01, "B", "DIP", "LCD_BL_PD12", "", "C", 70.87, 70.87, 39.37, 270],
		[27, "H1_9", 648.01, 58.01, "T", "DIP", "FSMC_D14_PD9", "", "C", 70.87, 70.87, 39.37, 270],
		[28, "H1_9", 648.01, 58.01, "B", "DIP", "FSMC_D14_PD9", "", "C", 70.87, 70.87, 39.37, 270],
		[29, "H1_10", 648.01, 158.01, "T", "DIP", "FSMC_D15_PD10", "", "C", 70.87, 70.87, 39.37, 270],
		[30, "H1_10", 648.01, 158.01, "B", "DIP", "FSMC_D15_PD10", "", "C", 70.87, 70.87, 39.37, 270],
		[31, "H1_11", 748.01, 58.01, "T", "DIP", "SPI2_MOSI_PB15", "", "C", 70.87, 70.87, 39.37, 270],
		[32, "H1_11", 748.01, 58.01, "B", "DIP", "SPI2_MOSI_PB15", "", "C", 70.87, 70.87, 39.37, 270],
		[33, "H1_12", 748.01, 158.01, "T", "DIP", "FSMC_D13_PD8", "", "C", 70.87, 70.87, 39.37, 270],
		[34, "H1_12", 748.01, 158.01, "B", "DIP", "FSMC_D13_PD8", "", "C", 70.87, 70.87, 39.37, 270],
		[35, "H1_13", 848.01, 58.01, "T", "DIP", "SPI2_NSS_PB12", "", "C", 70.87, 70.87, 39.37, 270],
		[36, "H1_13", 848.01, 58.01, "B", "DIP", "SPI2_NSS_PB12", "", "C", 70.87, 70.87, 39.37, 270],
		[37, "H1_14", 848.01, 158.01, "T", "DIP", "SPI2_SCK_PB13", "", "C", 70.87, 70.87, 39.37, 270],
		[38, "H1_14", 848.01, 158.01, "B", "DIP", "SPI2_SCK_PB13", "", "C", 70.87, 70.87, 39.37, 270],
		[39, "H1_15", 948.01, 58.01, "T", "DIP", "TP_INT_PB11", "", "C", 70.87, 70.87, 39.37, 270],
		[40, "H1_15", 948.01, 58.01, "B", "DIP", "TP_INT_PB11", "", "C", 70.87, 70.87, 39.37, 270],
		[41, "H1_16", 948.01, 158.01, "T", "DIP", "SPI2_MISO_PB14", "", "C", 70.87, 70.87, 39.37, 270],
		[42, "H1_16", 948.01, 158.01, "B", "DIP", "SPI2_MISO_PB14", "", "C", 70.87, 70.87, 39.37, 270],
		[43, "H1_17", 1048.01, 58.01, "T", "DIP", "FSMC_D12_PE15", "", "C", 70.87, 70.87, 39.37, 270],
		[44, "H1_17", 1048.01, 58.01, "B", "DIP", "FSMC_D12_PE15", "", "C", 70.87, 70.87, 39.37, 270],
		[45, "H1_18", 1048.01, 158.01, "T", "DIP", "H1_18", "", "C", 70.87, 70.87, 39.37, 270],
		[46, "H1_18", 1048.01, 158.01, "B", "DIP", "H1_18", "", "C", 70.87, 70.87, 39.37, 270],
		[47, "H1_19", 1148.01, 58.01, "T", "DIP", "FSMC_D10_PE13", "", "C", 70.87, 70.87, 39.37, 270],
		[48, "H1_19", 1148.01, 58.01, "B", "DIP", "FSMC_D10_PE13", "", "C", 70.87, 70.87, 39.37, 270],
		[49, "H1_20", 1148.01, 158.01, "T", "DIP", "FSMC_D11_PE14", "", "C", 70.87, 70.87, 39.37, 270],
		[50, "H1_20", 1148.01, 158.01, "B", "DIP", "FSMC_D11_PE14", "", "C", 70.87, 70.87, 39.37, 270],
		[51, "H1_21", 1248.01, 58.01, "T", "DIP", "FSMC_D8_PE11", "", "C", 70.87, 70.87, 39.37, 270],
		[52, "H1_21", 1248.01, 58.01, "B", "DIP", "FSMC_D8_PE11", "", "C", 70.87, 70.87, 39.37, 270],
		[53, "H1_22", 1248.01, 158.01, "T", "DIP", "FSMC_D9_PE12", "", "C", 70.87, 70.87, 39.37, 270],
		[54, "H1_22", 1248.01, 158.01, "B", "DIP", "FSMC_D9_PE12", "", "C", 70.87, 70.87, 39.37, 270],
		[55, "H1_23", 1348.01, 58.01, "T", "DIP", "FSMC_D6_PE9", "", "C", 70.87, 70.87, 39.37, 270],
		[56, "H1_23", 1348.01, 58.01, "B", "DIP", "FSMC_D6_PE9", "", "C", 70.87, 70.87, 39.37, 270],
		[57, "H1_24", 1348.01, 158.01, "T", "DIP", "FSMC_D7_PE10", "", "C", 70.87, 70.87, 39.37, 270],
		[58, "H1_24", 1348.01, 158.01, "B", "DIP", "FSMC_D7_PE10", "", "C", 70.87, 70.87, 39.37, 270],
		[59, "H1_25", 1448.01, 58.01, "T", "DIP", "FSMC_D4_PE7", "", "C", 70.87, 70.87, 39.37, 270],
		[60, "H1_25", 1448.01, 58.01, "B", "DIP", "FSMC_D4_PE7", "", "C", 70.87, 70.87, 39.37, 270],
		[61, "H1_26", 1448.01, 158.01, "T", "DIP", "FSMC_D5_PE8", "", "C", 70.87, 70.87, 39.37, 270],
		[62, "H1_26", 1448.01, 158.01, "B", "DIP", "FSMC_D5_PE8", "", "C", 70.87, 70.87, 39.37, 270],
		[63, "H1_27", 1548.01, 58.01, "T", "DIP", "H1_27", "", "C", 70.87, 70.87, 39.37, 270],
		[64, "H1_27", 1548.01, 58.01, "B", "DIP", "H1_27", "", "C", 70.87, 70.87, 39.37, 270],
		[65, "H1_28", 1548.01, 158.01, "T", "DIP", "H1_28", "", "C", 70.87, 70.87, 39.37, 270],
		[66, "H1_28", 1548.01, 158.01, "B", "DIP", "H1_28", "", "C", 70.87, 70.87, 39.37, 270],
		[67, "H1_29", 1648.01, 58.01, "T", "DIP", "H1_29", "", "C", 70.87, 70.87, 39.37, 270],
		[68, "H1_29", 1648.01, 58.01, "B", "DIP", "H1_29", "", "C", 70.87, 70.87, 39.37, 270],
		[69, "H1_30", 1648.01, 158.01, "T", "DIP", "H1_30", "", "C", 70.87, 70.87, 39.37, 270],
		[70, "H1_30", 1648.01, 158.01, "B", "DIP", "H1_30", "", "C", 70.87, 70.87, 39.37, 270],
		[71, "H1_31", 1748.01, 58.01, "T", "DIP", "H1_31", "", "C", 70.87, 70.87, 39.37, 270],
		[72, "H1_31", 1748.01, 58.01, "B", "DIP", "H1_31", "", "C", 70.87, 70.87, 39.37, 270],
		[73, "H1_32", 1748.01, 158.01, "T", "DIP", "H1_32", "", "C", 70.87, 70.87, 39.37, 270],
		[74, "H1_32", 1748.01, 158.01, "B", "DIP", "H1_32", "", "C", 70.87, 70.87, 39.37, 270],
		[75, "H1_33", 1848.01, 58.01, "T", "DIP", "H1_33", "", "C", 70.87, 70.87, 39.37, 270],
		[76, "H1_33", 1848.01, 58.01, "B", "DIP", "H1_33", "", "C", 70.87, 70.87, 39.37, 270],
		[77, "H1_34", 1848.01, 158.01, "T", "DIP", "H1_34", "", "C", 70.87, 70.87, 39.37, 270],
		[78, "H1_34", 1848.01, 158.01, "B", "DIP", "H1_34", "", "C", 70.87, 70.87, 39.37, 270],
		[79, "H1_35", 1948.01, 58.01, "T", "DIP", "USART2_RX_PA3", "", "C", 70.87, 70.87, 39.37, 270],
		[80, "H1_35", 1948.01, 58.01, "B", "DIP", "USART2_RX_PA3", "", "C", 70.87, 70.87, 39.37, 270],
		[81, "H1_36", 1948.01, 158.01, "T", "DIP", "H1_36", "", "C", 70.87, 70.87, 39.37, 270],
		[82, "H1_36", 1948.01, 158.01, "B", "DIP", "H1_36", "", "C", 70.87, 70.87, 39.37, 270],
		[83, "H1_37", 2048.01, 58.01, "T", "DIP", "H1_37", "", "C", 70.87, 70.87, 39.37, 270],
		[84, "H1_37", 2048.01, 58.01, "B", "DIP", "H1_37", "", "C", 70.87, 70.87, 39.37, 270],
		[85, "H1_38", 2048.01, 158.01, "T", "DIP", "USART2_TX_PA2", "", "C", 70.87, 70.87, 39.37, 270],
		[86, "H1_38", 2048.01, 158.01, "B", "DIP", "USART2_TX_PA2", "", "C", 70.87, 70.87, 39.37, 270],
		[87, "H1_39", 2148.01, 58.01, "T", "DIP", "H1_39", "", "C", 70.87, 70.87, 39.37, 270],
		[88, "H1_39", 2148.01, 58.01, "B", "DIP", "H1_39", "", "C", 70.87, 70.87, 39.37, 270],
		[89, "H1_40", 2148.01, 158.01, "T", "DIP", "H1_40", "", "C", 70.87, 70.87, 39.37, 270],
		[90, "H1_40", 2148.01, 158.01, "B", "DIP", "H1_40", "", "C", 70.87, 70.87, 39.37, 270],
		[91, "H1_41", 2248.01, 58.01, "T", "DIP", "H1_41", "", "C", 70.87, 70.87, 39.37, 270],
		[92, "H1_41", 2248.01, 58.01, "B", "DIP", "H1_41", "", "C", 70.87, 70.87, 39.37, 270],
		[93, "H1_42", 2248.01, 158.01, "T", "DIP", "LCD_RST_PC2", "", "C", 70.87, 70.87, 39.37, 270],
		[94, "H1_42", 2248.01, 158.01, "B", "DIP", "LCD_RST_PC2", "", "C", 70.87, 70.87, 39.37, 270],
		[95, "H2_1", 248.01, 1458.01, "T", "DIP", "5V", "", "R", 70.87, 70.87, 39.37, 270],
		[96, "H2_1", 248.01, 1458.01, "B", "DIP", "5V", "", "R", 70.87, 70.87, 39.37, 270],
		[97, "H2_2", 248.01, 1558.01, "T", "DIP", "5V", "", "C", 70.87, 70.87, 39.37, 270],
		[98, "H2_2", 248.01, 1558.01, "B", "DIP", "5V", "", "C", 70.87, 70.87, 39.37, 270],
		[99, "H2_3", 348.01, 1458.01, "T", "DIP", "3V3", "", "C", 70.87, 70.87, 39.37, 270],
		[100, "H2_3", 348.01, 1458.01, "B", "DIP", "3V3", "", "C", 70.87, 70.87, 39.37, 270],
		[101, "H2_4", 348.01, 1558.01, "T", "DIP", "3V3", "", "C", 70.87, 70.87, 39.37, 270],
		[102, "H2_4", 348.01, 1558.01, "B", "DIP", "3V3", "", "C", 70.87, 70.87, 39.37, 270],
		[103, "H2_5", 448.01, 1458.01, "T", "DIP", "H2_5", "", "C", 70.87, 70.87, 39.37, 270],
		[104, "H2_5", 448.01, 1458.01, "B", "DIP", "H2_5", "", "C", 70.87, 70.87, 39.37, 270],
		[105, "H2_6", 448.01, 1558.01, "T", "DIP", "H2_6", "", "C", 70.87, 70.87, 39.37, 270],
		[106, "H2_6", 448.01, 1558.01, "B", "DIP", "H2_6", "", "C", 70.87, 70.87, 39.37, 270],
		[107, "H2_7", 548.01, 1458.01, "T", "DIP", "FSMC_D1_PD15", "", "C", 70.87, 70.87, 39.37, 270],
		[108, "H2_7", 548.01, 1458.01, "B", "DIP", "FSMC_D1_PD15", "", "C", 70.87, 70.87, 39.37, 270],
		[109, "H2_8", 548.01, 1558.01, "T", "DIP", "H2_8", "", "C", 70.87, 70.87, 39.37, 270],
		[110, "H2_8", 548.01, 1558.01, "B", "DIP", "H2_8", "", "C", 70.87, 70.87, 39.37, 270],
		[111, "H2_9", 648.01, 1458.01, "T", "DIP", "TF_CD_PC7", "", "C", 70.87, 70.87, 39.37, 270],
		[112, "H2_9", 648.01, 1458.01, "B", "DIP", "TF_CD_PC7", "", "C", 70.87, 70.87, 39.37, 270],
		[113, "H2_10", 648.01, 1558.01, "T", "DIP", "SDIO_D0_PC8", "", "C", 70.87, 70.87, 39.37, 270],
		[114, "H2_10", 648.01, 1558.01, "B", "DIP", "SDIO_D0_PC8", "", "C", 70.87, 70.87, 39.37, 270],
		[115, "H2_11", 748.01, 1458.01, "T", "DIP", "SDIO_D1_PC9", "", "C", 70.87, 70.87, 39.37, 270],
		[116, "H2_11", 748.01, 1458.01, "B", "DIP", "SDIO_D1_PC9", "", "C", 70.87, 70.87, 39.37, 270],
		[117, "H2_12", 748.01, 1558.01, "T", "DIP", "H2_12", "", "C", 70.87, 70.87, 39.37, 270],
		[118, "H2_12", 748.01, 1558.01, "B", "DIP", "H2_12", "", "C", 70.87, 70.87, 39.37, 270],
		[119, "H2_13", 848.01, 1458.01, "T", "DIP", "H2_13", "", "C", 70.87, 70.87, 39.37, 270],
		[120, "H2_13", 848.01, 1458.01, "B", "DIP", "H2_13", "", "C", 70.87, 70.87, 39.37, 270],
		[121, "H2_14", 848.01, 1558.01, "T", "DIP", "H2_14", "", "C", 70.87, 70.87, 39.37, 270],
		[122, "H2_14", 848.01, 1558.01, "B", "DIP", "H2_14", "", "C", 70.87, 70.87, 39.37, 270],
		[123, "H2_15", 948.01, 1458.01, "T", "DIP", "H2_15", "", "C", 70.87, 70.87, 39.37, 270],
		[124, "H2_15", 948.01, 1458.01, "B", "DIP", "H2_15", "", "C", 70.87, 70.87, 39.37, 270],
		[125, "H2_16", 948.01, 1558.01, "T", "DIP", "SDIO_D2_PC10", "", "C", 70.87, 70.87, 39.37, 270],
		[126, "H2_16", 948.01, 1558.01, "B", "DIP", "SDIO_D2_PC10", "", "C", 70.87, 70.87, 39.37, 270],
		[127, "H2_17", 1048.01, 1458.01, "T", "DIP", "SDIO_D3_PC11", "", "C", 70.87, 70.87, 39.37, 270],
		[128, "H2_17", 1048.01, 1458.01, "B", "DIP", "SDIO_D3_PC11", "", "C", 70.87, 70.87, 39.37, 270],
		[129, "H2_18", 1048.01, 1558.01, "T", "DIP", "SDIO_CK_PC12", "", "C", 70.87, 70.87, 39.37, 270],
		[130, "H2_18", 1048.01, 1558.01, "B", "DIP", "SDIO_CK_PC12", "", "C", 70.87, 70.87, 39.37, 270],
		[131, "H2_19", 1148.01, 1458.01, "T", "DIP", "FSMC_D3_PD1", "", "C", 70.87, 70.87, 39.37, 270],
		[132, "H2_19", 1148.01, 1458.01, "B", "DIP", "FSMC_D3_PD1", "", "C", 70.87, 70.87, 39.37, 270],
		[133, "H2_20", 1148.01, 1558.01, "T", "DIP", "FSMC_D2_PD0", "", "C", 70.87, 70.87, 39.37, 270],
		[134, "H2_20", 1148.01, 1558.01, "B", "DIP", "FSMC_D2_PD0", "", "C", 70.87, 70.87, 39.37, 270],
		[135, "H2_21", 1248.01, 1458.01, "T", "DIP", "H2_21", "", "C", 70.87, 70.87, 39.37, 270],
		[136, "H2_21", 1248.01, 1458.01, "B", "DIP", "H2_21", "", "C", 70.87, 70.87, 39.37, 270],
		[137, "H2_22", 1248.01, 1558.01, "T", "DIP", "SDIO_CMD_PD2", "", "C", 70.87, 70.87, 39.37, 270],
		[138, "H2_22", 1248.01, 1558.01, "B", "DIP", "SDIO_CMD_PD2", "", "C", 70.87, 70.87, 39.37, 270],
		[139, "H2_23", 1348.01, 1458.01, "T", "DIP", "FSMC_NOE_PD4", "", "C", 70.87, 70.87, 39.37, 270],
		[140, "H2_23", 1348.01, 1458.01, "B", "DIP", "FSMC_NOE_PD4", "", "C", 70.87, 70.87, 39.37, 270],
		[141, "H2_24", 1348.01, 1558.01, "T", "DIP", "FSMC_NWE_PD5", "", "C", 70.87, 70.87, 39.37, 270],
		[142, "H2_24", 1348.01, 1558.01, "B", "DIP", "FSMC_NWE_PD5", "", "C", 70.87, 70.87, 39.37, 270],
		[143, "H2_25", 1448.01, 1458.01, "T", "DIP", "H2_25", "", "C", 70.87, 70.87, 39.37, 270],
		[144, "H2_25", 1448.01, 1458.01, "B", "DIP", "H2_25", "", "C", 70.87, 70.87, 39.37, 270],
		[145, "H2_26", 1448.01, 1558.01, "T", "DIP", "FSMC_NE1_PD7", "", "C", 70.87, 70.87, 39.37, 270],
		[146, "H2_26", 1448.01, 1558.01, "B", "DIP", "FSMC_NE1_PD7", "", "C", 70.87, 70.87, 39.37, 270],
		[147, "H2_27", 1548.01, 1458.01, "T", "DIP", "H2_27", "", "C", 70.87, 70.87, 39.37, 270],
		[148, "H2_27", 1548.01, 1458.01, "B", "DIP", "H2_27", "", "C", 70.87, 70.87, 39.37, 270],
		[149, "H2_28", 1548.01, 1558.01, "T", "DIP", "H2_28", "", "C", 70.87, 70.87, 39.37, 270],
		[150, "H2_28", 1548.01, 1558.01, "B", "DIP", "H2_28", "", "C", 70.87, 70.87, 39.37, 270],
		[151, "H2_29", 1648.01, 1458.01, "T", "DIP", "H2_29", "", "C", 70.87, 70.87, 39.37, 270],
		[152, "H2_29", 1648.01, 1458.01, "B", "DIP", "H2_29", "", "C", 70.87, 70.87, 39.37, 270],
		[153, "H2_30", 1648.01, 1558.01, "T", "DIP", "H2_30", "", "C", 70.87, 70.87, 39.37, 270],
		[154, "H2_30", 1648.01, 1558.01, "B", "DIP", "H2_30", "", "C", 70.87, 70.87, 39.37, 270],
		[155, "H2_31", 1748.01, 1458.01, "T", "DIP", "H2_31", "", "C", 70.87, 70.87, 39.37, 270],
		[156, "H2_31", 1748.01, 1458.01, "B", "DIP", "H2_31", "", "C", 70.87, 70.87, 39.37, 270],
		[157, "H2_32", 1748.01, 1558.01, "T", "DIP", "H2_32", "", "C", 70.87, 70.87, 39.37, 270],
		[158, "H2_32", 1748.01, 1558.01, "B", "DIP", "H2_32", "", "C", 70.87, 70.87, 39.37, 270],
		[159, "H2_33", 1848.01, 1458.01, "T", "DIP", "H2_33", "", "C", 70.87, 70.87, 39.37, 270],
		[160, "H2_33", 1848.01, 1458.01, "B", "DIP", "H2_33", "", "C", 70.87, 70.87, 39.37, 270],
		[161, "H2_34", 1848.01, 1558.01, "T", "DIP", "H2_34", "", "C", 70.87, 70.87, 39.37, 270],
		[162, "H2_34", 1848.01, 1558.01, "B", "DIP", "H2_34", "", "C", 70.87, 70.87, 39.37, 270],
		[163, "H2_35", 1948.01, 1458.01, "T", "DIP", "H2_35", "", "C", 70.87, 70.87, 39.37, 270],
		[164, "H2_35", 1948.01, 1458.01, "B", "DIP", "H2_35", "", "C", 70.87, 70.87, 39.37, 270],
		[165, "H2_36", 1948.01, 1558.01, "T", "DIP", "H2_36", "", "C", 70.87, 70.87, 39.37, 270],
		[166, "H2_36", 1948.01, 1558.01, "B", "DIP", "H2_36", "", "C", 70.87, 70.87, 39.37, 270],
		[167, "H2_37", 2048.01, 1458.01, "T", "DIP", "BLE_LINK_PE4", "", "C", 70.87, 70.87, 39.37, 270],
		[168, "H2_37", 2048.01, 1458.01, "B", "DIP", "BLE_LINK_PE4", "", "C", 70.87, 70.87, 39.37, 270],
		[169, "H2_38", 2048.01, 1558.01, "T", "DIP", "H2_38", "", "C", 70.87, 70.87, 39.37, 270],
		[170, "H2_38", 2048.01, 1558.01, "B", "DIP", "H2_38", "", "C", 70.87, 70.87, 39.37, 270],
		[171, "H2_39", 2148.01, 1458.01, "T", "DIP", "BLE_RST_PE6", "", "C", 70.87, 70.87, 39.37, 270],
		[172, "H2_39", 2148.01, 1458.01, "B", "DIP", "BLE_RST_PE6", "", "C", 70.87, 70.87, 39.37, 270],
		[173, "H2_40", 2148.01, 1558.01, "T", "DIP", "H2_40", "", "C", 70.87, 70.87, 39.37, 270],
		[174, "H2_40", 2148.01, 1558.01, "B", "DIP", "H2_40", "", "C", 70.87, 70.87, 39.37, 270],
		[175, "H2_41", 2248.01, 1458.01, "T", "DIP", "BLE_CDS_PC13", "", "C", 70.87, 70.87, 39.37, 270],
		[176, "H2_41", 2248.01, 1458.01, "B", "DIP", "BLE_CDS_PC13", "", "C", 70.87, 70.87, 39.37, 270],
		[177, "H2_42", 2248.01, 1558.01, "T", "DIP", "H2_42", "", "C", 70.87, 70.87, 39.37, 270],
		[178, "H2_42", 2248.01, 1558.01, "B", "DIP", "H2_42", "", "C", 70.87, 70.87, 39.37, 270],
		[179, "LED1_1", 3224.8, 1386.62, "T", "SMD", "$1N3899", "", "R", 31.5, 31.5, 0, 0],
		[180, "LED1_2", 3225, 1323.62, "T", "SMD", "$1N3834", "", "R", 31.5, 31.5, 0, 0],
		[181, "R1_1", 2735, 769.66, "B", "SMD", "SDIO_D2_PC10", "", "R", 31.75, 34.02, 0, 270],
		[182, "R1_2", 2735, 710.34, "B", "SMD", "$1N3540", "", "R", 31.75, 34.02, 0, 270],
		[183, "R2_1", 2795, 769.66, "B", "SMD", "SDIO_D3_PC11", "", "R", 31.75, 34.02, 0, 270],
		[184, "R2_2", 2795, 710.34, "B", "SMD", "$1N3535", "", "R", 31.75, 34.02, 0, 270],
		[185, "R3_1", 2855, 769.66, "B", "SMD", "SDIO_CMD_PD2", "", "R", 31.75, 34.02, 0, 270],
		[186, "R3_2", 2855, 710.34, "B", "SMD", "$1N3530", "", "R", 31.75, 34.02, 0, 270],
		[187, "R4_1", 2985, 769.66, "B", "SMD", "SDIO_D0_PC8", "", "R", 31.75, 34.02, 0, 270],
		[188, "R4_2", 2985, 710.34, "B", "SMD", "$1N3521", "", "R", 31.75, 34.02, 0, 270],
		[189, "R5_1", 3045, 769.66, "B", "SMD", "SDIO_D1_PC9", "", "R", 31.75, 34.02, 0, 270],
		[190, "R5_2", 3045, 710.34, "B", "SMD", "$1N3517", "", "R", 31.75, 34.02, 0, 270],
		[191, "R6_1", 3225.1, 1527.78, "T", "SMD", "GND", "GND", "R", 31.75, 34.02, 0, 270],
		[192, "R6_2", 3225.1, 1468.46, "T", "SMD", "$1N3899", "", "R", 31.75, 34.02, 0, 270],
		[193, "TF1_1", 2736.42, 578.82, "B", "SMD", "$1N3540", "", "R", 27.56, 62.99, 0, 180],
		[194, "TF1_2", 2779.73, 578.82, "B", "SMD", "$1N3535", "", "R", 27.56, 62.99, 0, 180],
		[195, "TF1_3", 2823.03, 578.82, "B", "SMD", "$1N3530", "", "R", 27.56, 62.99, 0, 180],
		[196, "TF1_4", 2866.34, 578.82, "B", "SMD", "3V3", "", "R", 27.56, 62.99, 0, 180],
		[197, "TF1_5", 2909.65, 578.82, "B", "SMD", "SDIO_CK_PC12", "", "R", 27.56, 62.99, 0, 180],
		[198, "TF1_6", 2952.96, 578.82, "B", "SMD", "GND", "GND", "R", 27.56, 62.99, 0, 180],
		[199, "TF1_7", 2996.26, 578.82, "B", "SMD", "$1N3521", "", "R", 27.56, 62.99, 0, 180],
		[200, "TF1_8", 3039.57, 578.82, "B", "SMD", "$1N3517", "", "R", 27.56, 62.99, 0, 180],
		[201, "TF1_9", 3082.88, 578.82, "B", "SMD", "TF_CD_PC7", "", "R", 27.56, 62.99, 0, 180],
		[202, "TF1_10", 3130, 559.13, "B", "SMD", "GND", "GND", "R", 47.24, 55.12, 0, 180],
		[203, "TF1_11", 3130.12, 181.19, "B", "SMD", "GND", "GND", "R", 47.24, 86.61, 0, 180],
		[204, "TF1_12", 2519.88, 181.19, "B", "SMD", "GND", "GND", "R", 47.24, 86.61, 0, 180],
		[205, "TF1_13", 2555.32, 559.13, "B", "SMD", "GND", "GND", "R", 62.99, 55.12, 0, 180],
		[206, "U1_1", 2644.53, 1575, "T", "SMD", "GND", "GND", "R", 70, 31.5, 0, 0],
		[207, "U1_2", 2644.53, 1525, "T", "SMD", "3V3", "", "R", 70, 31.5, 0, 0],
		[208, "U1_3", 2644.53, 1475, "T", "SMD", "U1_3", "", "R", 70, 31.5, 0, 0],
		[209, "U1_4", 2644.53, 1425, "T", "SMD", "BLE_CDS_PC13", "", "R", 70, 31.5, 0, 0],
		[210, "U1_5", 2644.53, 1375, "T", "SMD", "BLE_RST_PE6", "", "R", 70, 31.5, 0, 0],
		[211, "U1_6", 2644.53, 1325, "T", "SMD", "BLE_LINK_PE4", "", "R", 70, 31.5, 0, 0],
		[212, "U1_7", 2644.53, 1275, "T", "SMD", "U1_7", "", "R", 70, 31.5, 0, 0],
		[213, "U1_8", 2644.53, 1225, "T", "SMD", "U1_8", "", "R", 70, 31.5, 0, 0],
		[214, "U1_9", 2644.53, 1175, "T", "SMD", "U1_9", "", "R", 70, 31.5, 0, 0],
		[215, "U1_10", 3085.47, 1175, "T", "SMD", "U1_10", "", "R", 70, 31.5, 0, 0],
		[216, "U1_11", 3085.47, 1225, "T", "SMD", "U1_11", "", "R", 70, 31.5, 0, 0],
		[217, "U1_12", 3085.47, 1275, "T", "SMD", "U1_12", "", "R", 70, 31.5, 0, 0],
		[218, "U1_13", 3085.47, 1325, "T", "SMD", "$1N3834", "", "R", 70, 31.5, 0, 0],
		[219, "U1_14", 3085.47, 1375, "T", "SMD", "U1_14", "", "R", 70, 31.5, 0, 0],
		[220, "U1_15", 3085.47, 1425, "T", "SMD", "U1_15", "", "R", 70, 31.5, 0, 0],
		[221, "U1_16", 3085.47, 1475, "T", "SMD", "USART2_RX_PA3", "", "R", 70, 31.5, 0, 0],
		[222, "U1_17", 3085.47, 1525, "T", "SMD", "USART2_TX_PA2", "", "R", 70, 31.5, 0, 0],
		[223, "U1_18", 3085.47, 1575, "T", "SMD", "U1_18", "", "R", 70, 31.5, 0, 0],
		[224, "U2_1", -15, 1610, "T", "DIP", "FSMC_NE1_PD7", "", "R", 62.99, 62.99, 41.34, 0],
		[225, "U2_1", -15, 1610, "B", "DIP", "FSMC_NE1_PD7", "", "R", 62.99, 62.99, 41.34, 0],
		[226, "U2_2", 85, 1610, "T", "DIP", "FSMC_A16_PD11", "", "C", 62.99, 62.99, 41.34, 0],
		[227, "U2_2", 85, 1610, "B", "DIP", "FSMC_A16_PD11", "", "C", 62.99, 62.99, 41.34, 0],
		[228, "U2_3", -15, 1510, "T", "DIP", "FSMC_NWE_PD5", "", "C", 62.99, 62.99, 41.34, 0],
		[229, "U2_3", -15, 1510, "B", "DIP", "FSMC_NWE_PD5", "", "C", 62.99, 62.99, 41.34, 0],
		[230, "U2_4", 85, 1510, "T", "DIP", "FSMC_NOE_PD4", "", "C", 62.99, 62.99, 41.34, 0],
		[231, "U2_4", 85, 1510, "B", "DIP", "FSMC_NOE_PD4", "", "C", 62.99, 62.99, 41.34, 0],
		[232, "U2_5", -15, 1410, "T", "DIP", "LCD_RST_PC2", "", "C", 62.99, 62.99, 41.34, 0],
		[233, "U2_5", -15, 1410, "B", "DIP", "LCD_RST_PC2", "", "C", 62.99, 62.99, 41.34, 0],
		[234, "U2_6", 85, 1410, "T", "DIP", "FSMC_D0_PD14", "", "C", 62.99, 62.99, 41.34, 0],
		[235, "U2_6", 85, 1410, "B", "DIP", "FSMC_D0_PD14", "", "C", 62.99, 62.99, 41.34, 0],
		[236, "U2_7", -15, 1310, "T", "DIP", "FSMC_D1_PD15", "", "C", 62.99, 62.99, 41.34, 0],
		[237, "U2_7", -15, 1310, "B", "DIP", "FSMC_D1_PD15", "", "C", 62.99, 62.99, 41.34, 0],
		[238, "U2_8", 85, 1310, "T", "DIP", "FSMC_D2_PD0", "", "C", 62.99, 62.99, 41.34, 0],
		[239, "U2_8", 85, 1310, "B", "DIP", "FSMC_D2_PD0", "", "C", 62.99, 62.99, 41.34, 0],
		[240, "U2_9", -15, 1210, "T", "DIP", "FSMC_D3_PD1", "", "C", 62.99, 62.99, 41.34, 0],
		[241, "U2_9", -15, 1210, "B", "DIP", "FSMC_D3_PD1", "", "C", 62.99, 62.99, 41.34, 0],
		[242, "U2_10", 85, 1210, "T", "DIP", "FSMC_D4_PE7", "", "C", 62.99, 62.99, 41.34, 0],
		[243, "U2_10", 85, 1210, "B", "DIP", "FSMC_D4_PE7", "", "C", 62.99, 62.99, 41.34, 0],
		[244, "U2_11", -15, 1110, "T", "DIP", "FSMC_D5_PE8", "", "C", 62.99, 62.99, 41.34, 0],
		[245, "U2_11", -15, 1110, "B", "DIP", "FSMC_D5_PE8", "", "C", 62.99, 62.99, 41.34, 0],
		[246, "U2_12", 85, 1110, "T", "DIP", "FSMC_D6_PE9", "", "C", 62.99, 62.99, 41.34, 0],
		[247, "U2_12", 85, 1110, "B", "DIP", "FSMC_D6_PE9", "", "C", 62.99, 62.99, 41.34, 0],
		[248, "U2_13", -15, 1010, "T", "DIP", "FSMC_D7_PE10", "", "C", 62.99, 62.99, 41.34, 0],
		[249, "U2_13", -15, 1010, "B", "DIP", "FSMC_D7_PE10", "", "C", 62.99, 62.99, 41.34, 0],
		[250, "U2_14", 85, 1010, "T", "DIP", "FSMC_D8_PE11", "", "C", 62.99, 62.99, 41.34, 0],
		[251, "U2_14", 85, 1010, "B", "DIP", "FSMC_D8_PE11", "", "C", 62.99, 62.99, 41.34, 0],
		[252, "U2_15", -15, 910, "T", "DIP", "FSMC_D9_PE12", "", "C", 62.99, 62.99, 41.34, 0],
		[253, "U2_15", -15, 910, "B", "DIP", "FSMC_D9_PE12", "", "C", 62.99, 62.99, 41.34, 0],
		[254, "U2_16", 85, 910, "T", "DIP", "FSMC_D10_PE13", "", "C", 62.99, 62.99, 41.34, 0],
		[255, "U2_16", 85, 910, "B", "DIP", "FSMC_D10_PE13", "", "C", 62.99, 62.99, 41.34, 0],
		[256, "U2_17", -15, 810, "T", "DIP", "FSMC_D11_PE14", "", "C", 62.99, 62.99, 41.34, 0],
		[257, "U2_17", -15, 810, "B", "DIP", "FSMC_D11_PE14", "", "C", 62.99, 62.99, 41.34, 0],
		[258, "U2_18", 85, 810, "T", "DIP", "FSMC_D12_PE15", "", "C", 62.99, 62.99, 41.34, 0],
		[259, "U2_18", 85, 810, "B", "DIP", "FSMC_D12_PE15", "", "C", 62.99, 62.99, 41.34, 0],
		[260, "U2_19", -15, 710, "T", "DIP", "FSMC_D13_PD8", "", "C", 62.99, 62.99, 41.34, 0],
		[261, "U2_19", -15, 710, "B", "DIP", "FSMC_D13_PD8", "", "C", 62.99, 62.99, 41.34, 0],
		[262, "U2_20", 85, 710, "T", "DIP", "FSMC_D14_PD9", "", "C", 62.99, 62.99, 41.34, 0],
		[263, "U2_20", 85, 710, "B", "DIP", "FSMC_D14_PD9", "", "C", 62.99, 62.99, 41.34, 0],
		[264, "U2_21", -15, 610, "T", "DIP", "FSMC_D15_PD10", "", "C", 62.99, 62.99, 41.34, 0],
		[265, "U2_21", -15, 610, "B", "DIP", "FSMC_D15_PD10", "", "C", 62.99, 62.99, 41.34, 0],
		[266, "U2_22", 85, 610, "T", "DIP", "GND", "GND", "C", 62.99, 62.99, 41.34, 0],
		[267, "U2_22", 85, 610, "B", "DIP", "GND", "GND", "C", 62.99, 62.99, 41.34, 0],
		[268, "U2_23", -15, 510, "T", "DIP", "LCD_BL_PD12", "", "C", 62.99, 62.99, 41.34, 0],
		[269, "U2_23", -15, 510, "B", "DIP", "LCD_BL_PD12", "", "C", 62.99, 62.99, 41.34, 0],
		[270, "U2_24", 85, 510, "T", "DIP", "3V3", "", "C", 62.99, 62.99, 41.34, 0],
		[271, "U2_24", 85, 510, "B", "DIP", "3V3", "", "C", 62.99, 62.99, 41.34, 0],
		[272, "U2_25", -15, 410, "T", "DIP", "3V3", "", "C", 62.99, 62.99, 41.34, 0],
		[273, "U2_25", -15, 410, "B", "DIP", "3V3", "", "C", 62.99, 62.99, 41.34, 0],
		[274, "U2_26", 85, 410, "T", "DIP", "GND", "GND", "C", 62.99, 62.99, 41.34, 0],
		[275, "U2_26", 85, 410, "B", "DIP", "GND", "GND", "C", 62.99, 62.99, 41.34, 0],
		[276, "U2_27", -15, 310, "T", "DIP", "GND", "GND", "C", 62.99, 62.99, 41.34, 0],
		[277, "U2_27", -15, 310, "B", "DIP", "GND", "GND", "C", 62.99, 62.99, 41.34, 0],
		[278, "U2_28", 85, 310, "T", "DIP", "5V", "", "C", 62.99, 62.99, 41.34, 0],
		[279, "U2_28", 85, 310, "B", "DIP", "5V", "", "C", 62.99, 62.99, 41.34, 0],
		[280, "U2_29", -15, 210, "T", "DIP", "SPI2_MISO_PB14", "", "C", 62.99, 62.99, 41.34, 0],
		[281, "U2_29", -15, 210, "B", "DIP", "SPI2_MISO_PB14", "", "C", 62.99, 62.99, 41.34, 0],
		[282, "U2_30", 85, 210, "T", "DIP", "SPI2_MOSI_PB15", "", "C", 62.99, 62.99, 41.34, 0],
		[283, "U2_30", 85, 210, "B", "DIP", "SPI2_MOSI_PB15", "", "C", 62.99, 62.99, 41.34, 0],
		[284, "U2_31", -15, 110, "T", "DIP", "TP_INT_PB11", "", "C", 62.99, 62.99, 41.34, 0],
		[285, "U2_31", -15, 110, "B", "DIP", "TP_INT_PB11", "", "C", 62.99, 62.99, 41.34, 0],
		[286, "U2_32", 85, 110, "T", "DIP", "U2_32", "", "C", 62.99, 62.99, 41.34, 0],
		[287, "U2_32", 85, 110, "B", "DIP", "U2_32", "", "C", 62.99, 62.99, 41.34, 0],
		[288, "U2_33", -15, 10, "T", "DIP", "SPI2_NSS_PB12", "", "C", 62.99, 62.99, 41.34, 0],
		[289, "U2_33", -15, 10, "B", "DIP", "SPI2_NSS_PB12", "", "C", 62.99, 62.99, 41.34, 0],
		[290, "U2_34", 85, 10, "T", "DIP", "SPI2_SCK_PB13", "", "C", 62.99, 62.99, 41.34, 0],
		[291, "U2_34", 85, 10, "B", "DIP", "SPI2_SCK_PB13", "", "C", 62.99, 62.99, 41.34, 0]
	]
}
}